<?xml version="1.0" encoding="UTF-8"?>
<project-private xmlns="http://www.netbeans.org/ns/project-private/1">
    <editor-bookmarks xmlns="http://www.netbeans.org/ns/editor-bookmarks/2" lastBookmarkId="0"/>
    <open-files xmlns="http://www.netbeans.org/ns/projectui-open-files/2">
        <group>
            <file>file:/C:/xampp/htdocs/portalTuristico/funcionesPublico/servicios.php</file>
            <file>file:/C:/xampp/htdocs/portalTuristico/funciones/sendRestar.php</file>
            <file>file:/C:/xampp/htdocs/portalTuristico/funciones/editTurismo.php</file>
            <file>file:/C:/xampp/htdocs/portalTuristico/views/turismo.php</file>
            <file>file:/C:/xampp/htdocs/portalTuristico/controllers/TurismoService.php</file>
            <file>file:/C:/xampp/htdocs/portalTuristico/models/Connection.php</file>
            <file>file:/C:/xampp/htdocs/portalTuristico/views/servicios.php</file>
            <file>file:/C:/xampp/htdocs/portalTuristico/funciones/addUsuario.php</file>
            <file>file:/C:/xampp/htdocs/portalTuristico/views/admin/transporte.php</file>
            <file>file:/C:/xampp/htdocs/portalTuristico/funciones/addTurismo.php</file>
            <file>file:/C:/xampp/htdocs/portalTuristico/views/transporte.php</file>
            <file>file:/C:/xampp/htdocs/portalTuristico/views/admin/CajaVecina.php</file>
        </group>
    </open-files>
</project-private>
